<?xml version="1.0" encoding="utf-8"?>
<odoo>
    <data noupdate="1">

         <record id="work_data" model="hr.work.location">
          <field name="name">Building 3, Third Floor</field>
          <field name="address_id" ref="base.main_partner" />
      </record>

        <record id="employee_one" model="hr.employee">
              <field name="name">Ronnie </field>
              <field name="job_title">Chief Medical Officer</field>
              <field name="work_location_id" ref="work_data"/>
              <field name="work_phone">(376)-3852-7863</field>
              <field name="work_email">ronnie@example.com</field>
              <field name="image_1920" type="base64" file="attendance_regularization/static/image/employee_al-image.jpg"/>
        </record>



        <record id="regularization_category_one" model="reg.categories">
            <field name="type">Onsight</field>
        </record>

        <record id="regularization_category_two" model="reg.categories">
            <field name="type">Business Trip</field>
        </record>

        <record id="regularization_category_three" model="reg.categories">
            <field name="type">Client Meeting</field>
        </record>

        <!--EMPLOYEE  DEMO DATA -->
        <record id="regularization_demo_one" model="attendance.regular">
            <field name="reg_category" ref="regularization_category_one"/>
            <field name="reg_reason">Going for onsight</field>
            <field name="employee_id" ref="employee_one"/>
            <field name="from_date">2021-02-12 10:17:56</field>
            <field name="to_date">2021-02-26 10:17:56</field>
        </record>

    </data>
</odoo>
