id,name,model_id:id,group_id:id,perm_read,perm_write,perm_create,perm_unlink
access_hr_gratuity_manager_id,access_hr_gratuity_manager,model_hr_gratuity,hr.group_hr_manager,1,1,1,1
access_hr_gratuity_user_id,access_hr_gratuity_user,model_hr_gratuity,hr.group_hr_user,1,1,1,1
access_hr_gratuity_accounting_configuration_manager_id,access_hr_gratuity_accounting_configuration_manager,model_hr_gratuity_accounting_configuration,hr.group_hr_manager,1,1,1,1
access_hr_gratuity_accounting_configuration_user_id,access_hr_gratuity_accounting_configuration_user,model_hr_gratuity_accounting_configuration,hr.group_hr_user,1,1,1,1
access_gratuity_configuration_user_id,access_gratuity_configuration_user,model_gratuity_configuration,hr.group_hr_user,1,0,0,0
access_gratuity_configuration_manager_id,access_gratuity_configuration_manager,model_gratuity_configuration,hr.group_hr_manager,1,1,1,1
access_hr_training,access.hr_training,model_hr_training,base.group_user,1,1,1,1